first_name,second_name,form,team_against,Home_Away,minutes,xG,xA,xGC,xPoints,total_points,goals_scored,assists,clean_sheets,goals_conceded,bonus,saves,defensive_points,clearances_blocks_interceptions,recoveries,tackles,defensive_contribution,own_goals,penalties_saved,penalties_missed,yellow_cards,red_cards
Ollie,Watkins,2.0,Brentford,Away,90.0,0.12,0.01,1.43,2.51,2.0,0.0,0.0,1.0,0.0,0.0,0.0,0.0,2.0,3.0,0.0,5.0,0.0,0.0,0.0,0.0,0.0
João Pedro,Junqueira de Jesus,2.0,West Ham,Away,72.0,0.35000000000000003,0.024999999999999998,0.7499999999999999,3.975,2.5,0.0,0.0,1.25,0.0,0.0,0.0,0.0,0.0,1.25,0.0,1.25,0.0,0.0,0.0,0.0,0.0
Joël,Piroe,2.0,Arsenal,Away,77.0,0.3272727272727273,0.046753246753246755,0.3272727272727273,3.7870129870129876,2.337662337662338,0.0,0.0,1.168831168831169,0.0,0.0,0.0,0.0,0.0,4.675324675324676,0.0,4.675324675324676,0.0,0.0,0.0,0.0,0.0
Hugo,Ekitiké,11.0,Newcastle,Away,71.0,1.4450704225352111,0.02535211267605634,1.8887323943661973,10.926760563380281,13.943661971830986,1.267605633802817,1.267605633802817,0.0,1.267605633802817,2.535211267605634,0.0,0.0,1.267605633802817,0.0,0.0,1.267605633802817,0.0,0.0,0.0,0.0,0.0
Chris,Wood,13.0,Crystal Palace,Away,78.0,1.096153846153846,0.011538461538461539,1.7307692307692306,10.188461538461539,15.0,2.3076923076923075,0.0,0.0,1.1538461538461537,3.4615384615384612,0.0,0.0,0.0,2.3076923076923075,0.0,2.3076923076923075,0.0,0.0,0.0,0.0,0.0
Eliezer,Mayenda Dossou,8.0,Burnley,Away,75.0,0.10799999999999998,0.0,0.396,5.231999999999999,9.6,1.2,0.0,1.2,0.0,2.4,0.0,0.0,0.0,0.0,0.0,0.0,0.0,0.0,0.0,0.0,0.0
Richarlison,de Andrade,13.0,Man City,Away,71.0,0.9887323943661972,0.01267605633802817,1.128169014084507,10.330985915492958,16.47887323943662,2.535211267605634,0.0,1.267605633802817,0.0,3.802816901408451,0.0,0.0,3.802816901408451,2.535211267605634,0.0,6.338028169014085,0.0,0.0,0.0,0.0,0.0
Jørgen,Strand Larsen,2.0,Bournemouth,Away,81.0,0.4222222222222222,0.011111111111111112,2.533333333333333,2.833333333333333,2.2222222222222223,0.0,0.0,0.0,4.444444444444445,0.0,0.0,0.0,3.333333333333333,1.1111111111111112,1.1111111111111112,5.555555555555555,0.0,0.0,0.0,0.0,0.0
