first_name,second_name,form,team_against,Home_Away,minutes,xG,xA,xGC,xPoints,total_points,goals_scored,assists,clean_sheets,goals_conceded,bonus,saves
Hugo,Ekitiké,11.0,Newcastle,Away,71.0,1.3309859154929577,0.02535211267605634,1.787323943661972,10.470422535211268,13.943661971830986,1.267605633802817,1.267605633802817,0.0,1.267605633802817,2.535211267605634,0.0
