first_name,second_name,form,team_against,Home_Away,minutes,xG,xA,xGC,xPoints,total_points,goals_scored,assists,clean_sheets,goals_conceded,bonus,saves
Hugo,Ekitiké,9.0,Newcastle,Away,71.0,1.3309859154929577,0.02535211267605634,1.787323943661972,7.9352112676056334,11.408450704225352,1.267605633802817,1.267605633802817,0.0,1.267605633802817,0.0,0.0
