first_name,second_name,form,team_against,Home_Away,minutes,xG,xA,xGC,xPoints,total_points,goals_scored,assists,clean_sheets,goals_conceded,bonus,saves,defensive_points,clearances_blocks_interceptions,recoveries,tackles,defensive_contribution,own_goals,penalties_saved,penalties_missed,yellow_cards,red_cards
Lyle,Foster,2.0,Sunderland,Home,73.0,0.27123287671232876,0.049315068493150684,2.576712328767123,2.4657534246575343,2.4657534246575343,0.0,0.0,0.0,3.6986301369863015,0.0,0.0,0.0,2.4657534246575343,1.2328767123287672,0.0,3.6986301369863015,0.0,0.0,0.0,0.0,0.0
Francisco Evanilson,de Lima Barbosa,1.0,Wolves,Home,90.0,0.29,0.0,2.21,1.1600000000000001,1.0,0.0,0.0,0.0,4.0,0.0,0.0,0.0,3.0,2.0,0.0,5.0,0.0,0.0,0.0,1.0,0.0
Raúl,Jiménez Rodríguez,2.0,Man Utd,Home,65.0,0.3738461538461539,0.0,1.453846153846154,4.264615384615385,2.769230769230769,0.0,0.0,0.0,1.3846153846153846,0.0,0.0,0.0,0.0,0.0,0.0,0.0,0.0,0.0,0.0,0.0,0.0
Erling,Haaland,13.0,Spurs,Home,72.0,2.5124999999999997,0.0,0.36249999999999993,16.299999999999997,16.25,2.5,0.0,1.25,0.0,3.75,0.0,0.0,0.0,1.25,1.25,2.5,0.0,0.0,0.0,0.0,0.0
Jarrod,Bowen,2.0,Chelsea,Home,90.0,0.19,0.05,0.7,2.91,2.0,0.0,0.0,0.0,3.0,0.0,0.0,0.0,0.0,6.0,2.0,8.0,0.0,0.0,0.0,0.0,0.0
Niclas,Füllkrug,2.0,Chelsea,Home,90.0,0.13,0.08,0.7,2.76,2.0,0.0,0.0,0.0,3.0,0.0,0.0,0.0,0.0,0.0,0.0,0.0,0.0,0.0,0.0,0.0,0.0
