first_name,second_name,form,team_against,Home_Away,minutes,xG,xA,xGC,xPoints,total_points,goals_scored,assists,clean_sheets,goals_conceded,bonus,saves
Marcos,Senesi Barón,1.0,Wolves,Home,69.0,0.0,0.0,2.2565217391304344,2.608695652173913,1.3043478260869565,0.0,0.0,0.0,2.608695652173913,0.0,0.0
Adam,Smith,1.0,Wolves,Home,75.0,0.0,0.096,2.1,2.688,1.2,0.0,0.0,0.0,2.4,0.0,0.0
Adrien,Truffert,1.0,Wolves,Home,76.0,0.0,0.15394736842105264,2.0723684210526314,2.830263157894737,1.1842105263157894,0.0,0.0,0.0,2.3684210526315788,0.0,0.0
Bafodé,Diakité,1.0,Wolves,Home,71.0,0.0,0.0,2.2183098591549295,2.535211267605634,1.267605633802817,0.0,0.0,0.0,2.535211267605634,0.0,0.0
