first_name,second_name,form,team_against,Home_Away,minutes,xG,xA,xGC,xPoints,total_points,goals_scored,assists,clean_sheets,goals_conceded,bonus,saves
Virgil,van Dijk,4.0,Newcastle,Away,76.0,0.2368421052631579,0.011842105263157895,1.9302631578947367,3.8250000000000006,3.5526315789473686,0.0,0.0,0.0,2.3684210526315788,0.0,0.0
Ibrahima,Konaté,2.0,Newcastle,Away,76.0,0.0,0.0,1.9302631578947367,2.3684210526315788,1.1842105263157894,0.0,0.0,0.0,2.3684210526315788,0.0,0.0
