first_name,second_name,form,team_against,Home_Away,minutes,xG,xA,xGC,xPoints,total_points,goals_scored,assists,clean_sheets,goals_conceded,bonus,saves
Đorđe,Petrović,2.0,Wolves,Home,76.0,0.0,0.0,2.0723684210526314,3.5526315789473686,2.3684210526315788,0.0,0.0,0.0,2.3684210526315788,0.0,5.921052631578948
Alisson,Becker,2.0,Newcastle,Away,76.0,0.0,0.0,1.669736842105263,2.3684210526315788,1.1842105263157894,0.0,0.0,0.0,2.3684210526315788,0.0,1.1842105263157894
