first_name,second_name,form,team_against,Home_Away,minutes,xG,xA,xGC,xPoints,total_points,goals_scored,assists,clean_sheets,goals_conceded,bonus,saves
Mohamed,Salah,2.0,Newcastle,Away,76.0,0.17763157894736842,0.10657894736842105,1.9302631578947367,3.5763157894736843,2.3684210526315788,0.0,0.0,0.0,2.3684210526315788,0.0,0.0
Florian,Wirtz,2.0,Newcastle,Away,76.0,0.16578947368421054,0.3078947368421053,1.9302631578947367,4.121052631578947,2.3684210526315788,0.0,0.0,0.0,2.3684210526315788,0.0,0.0
Cody,Gakpo,7.0,Newcastle,Away,78.0,0.17307692307692307,0.5076923076923077,1.8807692307692305,4.696153846153846,8.076923076923077,1.1538461538461537,0.0,0.0,2.3076923076923075,0.0,0.0
Alexis,Mac Allister,5.0,Newcastle,Away,71.0,0.05070422535211268,0.02535211267605634,1.787323943661972,2.864788732394366,6.338028169014085,0.0,1.267605633802817,0.0,1.267605633802817,0.0,0.0
Dominik,Szoboszlai,2.0,Newcastle,Away,76.0,0.011842105263157895,0.08289473684210527,1.9302631578947367,2.676315789473684,2.3684210526315788,0.0,0.0,0.0,2.3684210526315788,0.0,0.0
