first_name,second_name,form,team_against,Home_Away,minutes,xG,xA,xGC,xPoints,total_points,goals_scored,assists,clean_sheets,goals_conceded,bonus,saves
Mohamed,Salah,8.0,Newcastle,Away,90.0,0.26,0.11,1.63,4.63,8.0,1.0,0.0,0.0,2.0,1.0,0.0
Florian,Wirtz,2.0,Newcastle,Away,81.0,0.15555555555555556,0.3111111111111111,1.811111111111111,3.933333333333333,2.2222222222222223,0.0,0.0,0.0,2.2222222222222223,0.0,0.0
Cody,Gakpo,7.0,Newcastle,Away,90.0,0.18,0.44,1.63,4.22,7.0,1.0,0.0,0.0,2.0,0.0,0.0
Alexis,Mac Allister,5.0,Newcastle,Away,71.0,0.05070422535211268,0.02535211267605634,1.787323943661972,2.864788732394366,6.338028169014085,0.0,1.267605633802817,0.0,1.267605633802817,0.0,0.0
Dominik,Szoboszlai,4.0,Newcastle,Away,90.0,0.11,0.08,1.63,2.79,4.0,0.0,0.0,0.0,2.0,0.0,0.0
