first_name,second_name,form,team_against,Home_Away,minutes,xG,xA,xGC,xPoints,total_points,goals_scored,assists,clean_sheets,goals_conceded,bonus,saves
Antoine,Semenyo,15.0,Wolves,Home,90.0,0.89,0.02,2.15,9.51,15.0,2.0,0.0,0.0,4.0,3.0,0.0
Marcus,Tavernier,4.0,Wolves,Home,90.0,0.32,0.06,2.15,3.7800000000000002,4.0,0.0,0.0,0.0,4.0,0.0,0.0
Tyler,Adams,4.0,Wolves,Home,90.0,0.0,0.1,2.03,2.3,4.0,0.0,0.0,0.0,3.0,0.0,0.0
David,Brooks,4.0,Wolves,Home,83.0,0.16265060240963855,0.20602409638554217,1.9951807228915663,2.51566265060241,4.337349397590361,0.0,1.0843373493975903,0.0,2.1686746987951806,0.0,0.0
Alex,Scott,2.0,Wolves,Home,73.0,0.0,0.0,2.1575342465753424,2.4657534246575343,2.4657534246575343,0.0,0.0,0.0,2.4657534246575343,0.0,0.0
