xG,xGA,npxG,npxGA,ppda,ppda_allowed,deep,deep_allowed,scored,conceded,xpts,wins,draws,loses,pts,npxGD
1.57303,2.33007,1.57303,2.33007,,,8.0,9.0,2.0,4.0,0.8954,0.0,0.0,1.0,0.0,-0.7570400000000002
2.33007,1.57303,2.33007,1.57303,,,9.0,8.0,4.0,2.0,1.877,1.0,0.0,0.0,3.0,0.7570400000000002
